caseId,intensityMode,foEsExcessOverIriEMHz,foEsSigmaMHz,reflectivity,noiseStd,taskMode,optimizerSeed,scenarioSeed,foE_IRI,foE_obs,foEs_obs,df_coarse,targetStartMHz,targetEndMHz,cfgStartMHz,cfgEndMHz,fixedErr,dfMHz,PRP,chipLength,Ncoh,codeType,codeLength,nFreq,scanTimeSec,heightResolutionKm,hAmbKm,dutyRatio,integrationGainDb,observabilityScore,resolutionCost,complexityCost,feasible,optimizationFeasible,constraintViolation,nPareto,nOptimizationFeasible,selectedLexicographicRank
1,weak,0.35,0.55,0.65,0.024,fast,20260515,3101,8.20329518952751,8.5,8.5,0.25,7.70329518952751,8.75,7.70329518952751,8.75,0,0.25,0.008,2e-05,6,barker,13,5,0.24,2.99792458,1199.169832,0.0325,18.9209460269048,0.815781859064629,0.996456758181818,0.00375,1,1,0,27,46,1
2,weak,0.35,0.55,0.65,0.024,weakEs,20260515,3101,8.20329518952751,8.5,8.5,0.25,7.70329518952751,8.75,7.70329518952751,8.75,0,0.0882769176991326,0.00818848102262556,8.4214797254742e-06,36,barker,13,12,3.53742380177424,1.26234805344854,1227.42242652964,0.0133699078166833,26.7024585307412,0.835889895052946,0.57826388387011,0.0225,1,1,0,8,14,1
3,strong,1.5,1.1,1.3,0.014,fast,20260515,3101,8.20329518952751,10.25,10.25,0.25,7.70329518952751,10.5,7.70329518952751,10.5,0,0.389147548515553,0.00797922455578416,1.58652262192651e-05,6,barker,13,8,0.38300277867764,2.37813758249977,1196.05567125625,0.0258481183739762,18.9209460269048,0.815781859064629,1.22416018698337,0.00375,1,1,0,11,24,2
4,strong,1.5,1.1,1.3,0.014,weakEs,20260515,3101,8.20329518952751,10.25,10.25,0.25,7.70329518952751,10.5,7.70329518952751,10.5,0,0.16971115748434,0.00708262301897137,1.22678056257717e-05,26,barker,13,17,3.13051937438534,1.83889780140816,1061.6584819724,0.0225172895278837,25.2891670027765,0.734940500198325,0.989214985356485,0.01625,1,1,0,3,3,1
